Database,Threads,Write_Ops_Sec,Write_Latency_P95,Read_Ops_Sec,Read_Latency_P95
ODETA,1,1511.46826383004,0.9254562814021483,6820.5031122006085,0.18329587765038013
ODETA,5,1514.3914127486707,1.9057454977883026,7823.005024014703,0.87306730565615
ODETA,10,1362.2991897013137,4.391393749392591,5824.357470301827,2.5092062627663836
ODETA,20,1368.6280767700623,10.71738057944458,5218.073963669417,5.989091648370959
TinyDB,1,1828.3967383551394,0.9354705456644297,2870.5174182901355,0.35448962007649243
